,id,f1_score,precision,recall,accuracy,cross_entropy,seed,circuit,learning_rate,loss_history
0,0,1.0,1.0,1.0,1.0,1.859202265739441,1,Ranga2024Circuit,0.01,"[0.28255701065063477, 0.26912522315979004, 0.255831778049469, 0.24277638892332712, 0.22966577112674713, 0.2168323447306951, 0.20415444672107697, 0.1917751282453537, 0.17959353824456534, 0.1678316295146942, 0.15646828214327493, 0.14549447099367777, 0.1348459372917811, 0.1251541127761205, 0.11562950660785039, 0.10668812443812688]"
1,1,0.0,0.0,0.0,0.0,2.228928804397583,1,Ranga2024Circuit,0.001,"[0.2865678171316783, 0.28509749968846637, 0.2837357421716054, 0.28247344493865967, 0.2809777557849884, 0.2798268993695577, 0.2782331506411235, 0.27705147862434387, 0.2756437261899312, 0.2743423481782277, 0.2728610734144847, 0.2716367244720459, 0.2706274092197418, 0.2689146002133687, 0.26776214440663654, 0.2665957609812419]"
