,id,f1_score,precision,recall,accuracy,cross_entropy,seed,circuit,learning_rate,loss_history,val_loss_history,val_f1_history,avg_epoch_time_seconds,network_str,model_path,epochs,n_qubits,features_per_qubit,scaler
0,0,0.9927826784282278,0.9967793880837359,0.9888178913738019,0.9926108374384236,0.02761727198958397,6,DoubleEntanglementVLCircuit,0.001,"[0.5668240442479912, 0.228333259540561, 0.12212525415969522, 0.08338339353519443, 0.06347370023324497, 0.05124338011036774, 0.04277174581013816, 0.035925262828210465, 0.030547044822014868, 0.026840085232642627]","[0.3371672034263611, 0.15724627673625946, 0.09982498735189438, 0.07393369823694229, 0.05851724371314049, 0.048849672079086304, 0.0418475903570652, 0.03511934354901314, 0.03129333257675171, 0.02876419387757778]","[0.9817605075337034, 0.9911929543634908, 0.9944044764188649, 0.9944044764188649, 0.9944044764188649, 0.9936102236421726, 0.9936102236421726, 0.9936102236421726, 0.9936102236421726, 0.9936102236421726]",222.02783360481263,"BinQuantumNeuralNetwork(
  (quantum_circuit_nn): DoubleEntanglementVLCircuit()
  (pre_processing): Linear(in_features=16, out_features=16, bias=True)
  (post_processing): Linear(in_features=1, out_features=1, bias=True)
)",results/models/bin/DoubleEntanglementVLCircuit_expID_0_dfID_0.pth,10,4,4,MinMaxScaler
